区域,名称,景点id,类型,级别,热度,地址,特色,经纬度
重庆·重庆·武隆县,武隆天坑地缝国家地质公园,669575040,文化古迹,5A景区,热度 0.0,重庆市武隆县银杏大道武隆喀斯特旅游区,反映地球演化历史的杰出范例,"107.773314,29.423324",http://img1.qunarzz.com/sight/p0/1505/be/be4802e10f3b3107.water.jpg_280x200_cb85edb7.jpg,6247,2020-05-12 01:00:01,重庆
陕西·西安·临潼区,秦始皇帝陵博物院（兵马俑）,3261940195,文化古迹,5A景区,热度 0.8800000000000001,陕西省西安市临潼县秦始皇陵东1.5公里处,请至少提前一天预订门票，景区不售当日票,"109.266029,34.386024",http://img1.qunarzz.com/sight/p0/2004/62/623e20a433a7ea25a3.water.jpg_280x200_a9251fb2.jpg,5469,2020-05-12 01:00:01,陕西
四川·成都·都江堰市,青城山,2833668773,文化古迹,5A景区,热度 0.96,四川省成都市都江堰市青城山路,青城山下白素贞，洞中千年修此身,"103.578829,30.903727",http://img1.qunarzz.com/sight/p0/1505/b0/b0132e78efa00572.water.jpg_280x200_d72a457e.jpg,5392,2020-05-12 01:00:01,四川
四川·成都·都江堰市,都江堰,1582294258,文化古迹,5A景区,热度 1.0,四川省成都市都江堰市,感受都江堰水利工程的古人智慧,"103.620123,31.006855",http://img1.qunarzz.com/sight/p0/201407/03/a584374ee80b738e2600d6bcaf1299e3.jpg_280x200_27dbc269.jpg,4708,2020-05-12 01:00:01,四川
四川·乐山·市中区,乐山大佛,3732199411,文化古迹,5A景区,热度 0.82,四川省乐山市市中区凌云路2435号簏子街,摩崖石刻造像,"103.779093,29.550402",http://img1.qunarzz.com/sight/p0/201305/08/c5c262c16bebca42c8d65eac.jpg_280x200_bac1977e.jpg,3952,2020-05-12 01:00:01,四川
四川·乐山·峨眉山市,峨眉山,69638736,文化古迹,5A景区,热度 1.0,四川省乐山峨眉山市峨眉山风景名胜区,云上金顶，天下峨眉,"103.342036,29.522835",http://img1.qunarzz.com/sight/p0/1712/16/16dd785ae3e2447ba3.img.jpg_280x200_a5dba2e0.jpg,3688,2020-05-12 01:00:01,四川
四川·阿坝藏族羌族自治州·九寨沟县,九寨沟,2681214020,文化古迹,5A景区,热度 1.0,四川省阿坝藏族羌族自治州九寨沟县漳扎镇九寨沟,传说中的童话天堂，你还在犹豫么,"103.928015,33.271447",http://img1.qunarzz.com/sight/p0/1501/89/babe532d89b23ac070bc09dd092dc9b0.water.jpg_280x200_87212b2b.jpg,3440,2020-05-12 01:00:01,四川
山东·泰安·泰山区,泰山,1363641676,文化古迹,5A景区,热度 1.0,山东省泰安市泰山区红门路54号,会当凌绝顶，一览纵山小,"117.12107,36.247343",http://img1.qunarzz.com/sight/p0/1508/96/b195d4ecbd48b7fc3ae049106f15c7ef.water.jpg_280x200_f097acc5.jpg,3360,2020-05-12 01:00:01,山东
湖南·张家界·武陵源区,张家界国家森林公园,852581432,文化古迹,5A景区,热度 0.9400000000000001,湖南省张家界市武陵源区,三千奇峰，八百秀水,"110.459244,29.336908",http://img1.qunarzz.com/sight/p79/201211/06/cb2677b88c36471c93835fbb.jpg_280x200_60f34030.jpg,3315,2020-05-12 01:00:01,湖南
广东·广州·番禺区,岭南印象园,3633837019,文化古迹,4A景区,热度 0.74,广东省广州市番禺区外环西路,岭南印象园江面上龙船竞渡，水中好戏不断,"113.411898,23.041453",http://img1.qunarzz.com/sight/p0/1509/80/9535a0d28468b3c6c910d87f1a4fdbe8.water.jpg_280x200_6eae9cd8.jpg,2861,2020-05-12 01:00:01,广东
江苏·苏州·平江区,拙政园,641515105,文化古迹,5A景区,热度 1.0,江苏省苏州市平江区东北街178号,庭院错落，花木为胜，天下园林之典范,"120.635191,31.330583",http://img1.qunarzz.com/sight/p0/1603/85/85aa0c000578a01e90.water.jpg_280x200_108a7c4a.jpg,2612,2020-05-12 01:00:01,江苏
江西·上饶·婺源县,婺源篁岭,2871359243,文化古迹,4A景区,热度 0.0,江西省上饶市婺源县江湾镇篁岭村,自游行的绝佳选择,"118.127595,29.339174",http://img1.qunarzz.com/sight/p0/1904/ad/ad852cd6480654d3a3.img.jpg_280x200_06d9175f.jpg,2552,2020-05-12 01:00:01,江西
北京·北京·密云县,古北水镇,1433128305,文化古迹,,热度 0.0,北京市密云县古北口镇司马台村古北水镇,走进那个画中的小镇,"117.267356,40.650895",http://img1.qunarzz.com/sight/p0/1903/5d/5dcaf453dfd6f5dba3.img.jpg_280x200_62be0382.jpg,2310,2020-05-12 01:00:01,北京
四川·成都·灌县古城,玉垒关,3255892061,文化古迹,,热度 0.0,四川省成都市都江堰市,山色平分江左右，水光清绕岸东西,"103.618294,31.00761",http://img1.qunarzz.com/sight/p0/201304/12/c304fad0f0419033c8d65eac.jpg_280x200_a09c62df.jpg,2273,2020-05-12 01:00:01,四川
山东·枣庄·台儿庄区,台儿庄古城,3189624072,文化古迹,5A景区,热度 0.0,山东省枣庄市台儿庄区华兴路东段,被誉为“中华民族扬威不屈之地”,"117.747047,34.563186",http://img1.qunarzz.com/sight/p0/1902/da/daee1d3f534baec8a3.water.jpg_280x200_48a5042d.jpg,2250,2020-05-12 01:00:01,山东
江苏·南京·玄武区,南京总统府,243830915,文化古迹,4A景区,热度 0.8,江苏省南京市玄武区长江路292号,了解中国近代史，切记勿忘国耻,"118.803688,32.049877",http://img1.qunarzz.com/sight/p0/1508/f7/f7c3be996152011c.img.jpg_280x200_337af64c.jpg,2249,2020-05-12 01:00:02,江苏
贵州·黔东南·雷山县,西江千户苗寨,3561022923,文化古迹,4A景区,热度 1.0,贵州省凯里市黔东南苗族侗族自治州雷山县西江镇南贵村,游览千户苗寨，感受苗族风情,"108.18029,26.500009",http://img1.qunarzz.com/sight/p0/1604/dd/dd5d2dd67f1d656990.img.jpg_280x200_59555cab.jpg,2135,2020-05-12 01:00:02,贵州
安徽·黄山·黟县,宏村,2450169620,文化古迹,5A景区,热度 0.78,安徽省黄山市黟县宏村镇宏村里,炊烟袅袅升起，行走在皖南小山村,"117.995474,30.010385",http://img1.qunarzz.com/sight/p0/1702/67/67956b32e9d1c46ca3.img.jpg_280x200_6929bf02.jpg,2072,2020-05-12 01:00:02,安徽
浙江·金华·东阳市,横店影视城,3924856566,文化古迹,5A景区,热度 1.0,浙江省金华东阳市横店镇横店影视城,被誉为“中国好莱坞”,"120.345446,29.162213",http://img1.qunarzz.com/sight/p0/2005/6e/6e6722a115b14caba3.water.jpg_280x200_533c3386.jpg,2025,2020-05-12 01:00:02,浙江
陕西·西安·临潼区,华清宫,2005661316,文化古迹,5A景区,热度 0.9,陕西省西安市临潼区华清路038号,览盛唐宫阙，登骊山怀古，赏长恨歌舞,"109.218903,34.369881",http://img1.qunarzz.com/sight/p0/1602/53/53cf6caed9f9b9ee90.img.jpg_280x200_1241696b.jpg,1674,2020-05-12 01:00:02,陕西
江苏·无锡·滨湖区,灵山小镇拈花湾,521189061,文化古迹,5A景区,热度 0.0,江苏省无锡市滨湖区马山环山西路,东方禅意度假胜地，世界佛教论坛永久会址,"120.079209,31.419262",http://img1.qunarzz.com/sight/p0/1803/ae/ae876a8017aeadefa3.img.jpg_280x200_a59016db.jpg,1648,2020-05-12 01:00:02,江苏
山东·烟台·蓬莱市,蓬莱阁,3062441807,文化古迹,5A景区,热度 1.0,山东省烟台蓬莱市迎宾路7号,道教传说中著名的神仙住所和人间仙境,"120.760473,37.832144",http://img1.qunarzz.com/sight/p0/1412/46/45386387700af94fd228995c9999eb14.water.jpg_280x200_d023cb51.jpg,1586,2020-05-12 01:00:02,山东
江苏·无锡·灵山胜境,灵山大佛,1359778064,文化古迹,5A景区,热度 1.0,江苏省无锡市滨湖区灵山路1号,观释迦牟尼佛青铜立像，赏佛教胜景,"120.102895,31.436399",http://img1.qunarzz.com/sight/p0/1911/49/4988ed643a1c6eb4a3.img.jpg_280x200_4bc6f3be.jpg,1568,2020-05-12 01:00:02,江苏
浙江·湖州·南浔区,南浔古镇,326929749,文化古迹,5A景区,热度 0.0,浙江省湖州市南浔区南浔镇人瑞路51号,水乡古镇九十九，不如南浔走一走,"120.435533,30.875529",http://img1.qunarzz.com/sight/p0/1704/71/71a3d23c24494bd2a3.water.jpg_280x200_625a8065.jpg,1506,2020-05-12 01:00:02,浙江
北京·北京·怀柔区,黄花城水长城,2897325591,文化古迹,4A景区,热度 0.7,北京市怀柔区九渡河镇西水峪,蛟龙千寻戏碧水，探古觅幽有奇观,"116.31954,40.417497",http://img1.qunarzz.com/sight/p0/201403/07/98ebbbabc695672ef01a7316521122c4.jpg_280x200_7b28b95e.jpg,1502,2020-05-12 01:00:02,北京
重庆·重庆·南川区,金佛山,3863687047,文化古迹,5A景区,热度 0.72,重庆市南川区金佛山,洞天佛国 养生福地,"107.207362,29.104603",http://img1.qunarzz.com/sight/p0/2004/35/3574636a8c64c0ffa3.img.jpg_280x200_7e136b07.jpg,1414,2020-05-12 01:00:02,重庆
福建·南平·武夷山市,武夷山,4137698306,文化古迹,5A景区,热度 1.0,福建省南平市武夷山国家旅游度假区,世界文化与自然双重遗产国家5A级旅游景区,"117.992764,27.631146",http://img1.qunarzz.com/sight/p0/201311/05/5c9d25aa40ef722ec8d65eac.jpg_280x200_a82f92a9.jpg,1406,2020-05-12 01:00:02,福建
山西·晋中·平遥县,平遥古城,3289429100,文化古迹,5A景区,热度 1.0,山西省晋中市平遥县,游览原汁原味古城，感受浓郁的晋商文化气息,"112.190081,37.21041",http://img1.qunarzz.com/sight/p0/1412/94/3c7c2b67981079ed9778088c75860079.water.jpg_280x200_31e435ea.jpg,1402,2020-05-12 01:00:02,山西
北京·北京·怀柔区,慕田峪长城,1987315843,文化古迹,5A景区,热度 0.7,北京市怀柔区慕田峪村,电影《非诚勿扰》取景地,"116.57035,40.437612",http://img1.qunarzz.com/sight/p0/1708/2b/2b6378fd3b2e1d86a3.img.jpg_280x200_3833f864.jpg,1394,2020-05-12 01:00:02,北京
安徽·黄山·黟县,西递,3132765579,文化古迹,5A景区,热度 0.7,安徽省黄山市黟县西递镇西递村,徽派建筑，乡间水墨画,"118.003549,29.91024",http://img1.qunarzz.com/sight/p0/1908/4e/4e82efecb2e8ade9a3.img.jpg_280x200_69de2f07.jpg,1390,2020-05-12 01:00:02,安徽
安徽·黄山·黄山区,黄山风景区,3346106506,文化古迹,5A景区,热度 1.0,安徽省黄山市黄山区黄山风景区,五岳归来不看山，黄山归来不看岳,"118.193977,30.097967",http://img1.qunarzz.com/sight/p0/1803/68/684c07beee21b37aa3.img.jpg_280x200_da2f5e43.jpg,1298,2020-05-12 01:00:03,安徽
浙江·嘉兴·桐乡市,乌镇,3413962493,文化古迹,5A景区,热度 1.0,浙江省嘉兴市桐乡市乌镇石佛南路18号,鱼米之乡，丝绸之府,"120.494465,30.754749",http://img1.qunarzz.com/sight/p0/1603/5d/5dd523afbdbb037c90.water.jpg_280x200_1b84ec07.jpg,1200,2020-05-12 01:00:03,浙江
北京·北京·海淀区,圆明园,1427399043,文化古迹,5A景区,热度 0.76,北京市海淀区清华西路28号,追忆昔日万园之园,"116.314607,40.01629",http://img1.qunarzz.com/sight/p0/1505/f5/f5f45e1a83537bcb.water.jpg_280x200_b5ebb032.jpg,1188,2020-05-12 01:00:03,北京
北京·北京·海淀区,颐和园,4268080051,文化古迹,5A景区,热度 0.82,北京市海淀区新建宫门路19号,保存完整的一座皇家行宫御苑,"116.276887,39.999497",http://img1.qunarzz.com/sight/p0/1505/d2/d274c92de14c93da.water.jpg_280x200_3bd890df.jpg,1134,2020-05-12 01:00:03,北京
江苏·常州·金坛市,东方盐湖城·道天下,1217530478,文化古迹,,热度 0.0,江苏省常州市金坛区薛埠镇访仙路9号,茅山脚下的逍遥山镇,"119.347573,31.77078",http://img1.qunarzz.com/sight/p0/2003/44/444588ea3ce27500a3.water.jpg_280x200_8186906d.jpg,1110,2020-05-12 01:00:03,江苏
山东·济宁·曲阜,三孔,1655456716,文化古迹,5A景区,热度 0.86,山东省曲阜市明故城,孔府、孔庙、孔林，儒家圣地,"116.996485,35.597878",http://img1.qunarzz.com/sight/p0/1901/40/409350ae86d6decea3.water.jpg_280x200_c85ad59d.jpg,1108,2020-05-12 01:00:03,山东
江苏·苏州·昆山市,周庄,2834497097,文化古迹,5A景区,热度 0.9,江苏省苏州市昆山周庄全福路43号,古香古色，品美食寻才子觅佳人,"120.854425,31.120241",http://img1.qunarzz.com/sight/p0/1503/38/3806235c8444b759.water.jpg_280x200_7d385b46.jpg,1084,2020-05-12 01:00:03,江苏
四川·成都·蒲江县,石象湖,1528209311,文化古迹,4A景区,热度 0.7,四川省成都市蒲江县成雅高速公路86公里出口处（蒲江服务区）,都市人寻觅的一片修养身心的净土,"103.43155,30.19131",http://img1.qunarzz.com/sight/p0/1809/1f/1f39774291457a42a3.img.jpg_280x200_41122f68.jpg,1050,2020-05-12 01:00:03,四川
海南·澄迈,海南永庆寺文化旅游区,4068831186,文化古迹,,热度 0.0,海南省澄迈县老城经济开发区盈滨半岛永庆寺,进去后心就静下来了，名不虚传，值得一去,"110.103838,19.987345",http://img1.qunarzz.com/sight/p0/2003/95/95ee3022ffefd2cba3.img.jpg_280x200_7ef122a1.jpg,1050,2020-05-12 01:00:03,海南
江苏·苏州·金阊区,虎丘,1798026130,文化古迹,5A景区,热度 0.8,江苏省苏州市金阊区山塘街虎丘山门内8号,苏东坡说到苏州不游虎丘乃憾事也,"120.587069,31.341637",http://img1.qunarzz.com/sight/p0/1707/33/33c133cf198d092aa3.water.jpg_280x200_d59602ea.jpg,1028,2020-05-12 01:00:03,江苏
北京·北京·延庆县,八达岭长城,777857128,文化古迹,5A景区,热度 0.82,北京市延庆县军都山关沟古道北口216省道附近,不到长城非好汉,"116.03293,40.369733",http://img1.qunarzz.com/sight/p0/1708/2b/2b3b94de99c0a425a3.img.jpg_280x200_05658b1e.jpg,1024,2020-05-12 01:00:03,北京
四川·绵阳·江油市,李白故居,4123491125,文化古迹,4A景区,热度 0.0,四川省江油市青莲镇天宝山,弘扬李白文化 展现李白文化,"104.699002,31.675048",http://img1.qunarzz.com/sight/p0/1912/3e/3ecde9bdc686b2f4a3.water.jpg_280x200_dfd83d71.jpg,1002,2020-05-12 01:00:03,四川
重庆·重庆·大足县,大足石刻,1184661441,文化古迹,5A景区,热度 0.78,重庆市大足县龙岗镇北山路7号,欣赏真正的“千手”观音,"105.716678,29.718935",http://img1.qunarzz.com/sight/p0/1505/f0/f02f777b58d07372.water.jpg_280x200_0a814308.jpg,1000,2020-05-12 01:00:03,重庆
福建·漳州·南靖土楼,云水谣土楼群,4251373224,文化古迹,,热度 0.0,福建漳州南靖县云水谣古镇,幽长古道，百年老榕，神奇土楼，灵山碧水,"117.101623,24.662736",http://img1.qunarzz.com/sight/p0/1902/51/51af1b5d0e1fa531a3.img.jpg_280x200_aa3dc2c2.jpg,972,2020-05-12 01:00:03,福建
广东·韶关·浈江区,韶关丹霞山,1940685610,文化古迹,5A景区,热度 1.0,广东省韶关市浈江区丹霞山风景名胜区,丹霞地貌命名地,"113.745153,25.0304",http://img1.qunarzz.com/sight/p0/1601/e1/e19f8470b726162d90.water.jpg_280x200_a727a1fd.jpg,964,2020-05-12 01:00:03,广东
浙江·温州·文成县,刘伯温故里旅游景区—百丈漈,501628843,文化古迹,4A景区,热度 0.0,浙江省温州市文成县南田,一漈百丈高、二漈百丈深、三漈百丈宽,"120.030207,27.852205",http://img1.qunarzz.com/sight/p0/1809/a0/a08f0b44aa5ffd9fa3.water.jpg_280x200_aab8b7b9.jpg,926,2020-05-12 01:00:04,浙江
江苏·南京·钟山风景区,明孝陵,619880243,文化古迹,5A景区,热度 0.86,江苏省南京市玄武区紫金山南麓独龙阜玩珠峰下,朱元璋和马皇后合葬于此,"118.84258,32.056109",http://img1.qunarzz.com/sight/p0/1502/fa/fa9b584a8b8e47e9.water.jpg_280x200_aabdb336.jpg,922,2020-05-12 01:00:04,江苏
广东·肇庆·星湖旅游景区,鼎湖山,2446117003,文化古迹,4A景区,热度 0.86,广东省肇庆市鼎湖区上山路坑口镇,风光秀丽，具有浓郁江南诗情画意,"112.561202,23.165899",http://img1.qunarzz.com/sight/p0/1803/20/20489890839a9cc5a3.img.jpg_280x200_61c9095c.jpg,878,2020-05-12 01:00:04,广东
山东·威海·环翠区,刘公岛,584168263,文化古迹,5A景区,热度 1.0,山东省威海市海滨北路101-2号,北洋水师的诞生地，甲午战争的古战场,"122.147601,37.499885",http://img1.qunarzz.com/sight/p0/1507/fa/fa750b3a735af5d6.img.jpg_280x200_c0524124.jpg,858,2020-05-12 01:00:04,山东
山西·忻州·五台县,五台山,2869401961,文化古迹,5A景区,热度 1.0,山西省忻州市五台县台怀镇,兼有汉地和藏传佛教的佛教道场,"113.596375,38.984397",http://img1.qunarzz.com/sight/p0/1505/f0/f04df22f36d4dc25.water.jpg_280x200_02bc70a5.jpg,834,2020-05-12 01:00:04,山西
山东·临沂·沂南县,竹泉村,2934853487,文化古迹,4A景区,热度 0.0,山东省临沂市沂南县铜井镇竹泉村,竹泉美景胜江南，何必舍近去求远,"118.444301,35.653863",http://img1.qunarzz.com/sight/p0/1503/31/31384532f9eb3ab0.water.jpg_280x200_37b59fa4.jpg,814,2020-05-12 01:00:04,山东
广西·桂林·象山区,象山景区,2898718562,文化古迹,5A景区,热度 0.7,广西壮族自治区桂林市民主路52号,桂林城徽，绝美赏月地领略三月争辉奇景,"110.302339,25.274549",http://img1.qunarzz.com/sight/p0/1709/f8/f8faa3df62df0668a3.water.jpg_280x200_1a0ea85d.jpg,796,2020-05-12 01:00:04,广西
湖北·十堰,武当山,1550364917,文化古迹,5A景区,热度 1.0,湖北省十堰市丹江口市武当山景区,一座历史悠久的仙山，武当拳的发源地,"111.102943,32.511746",http://img1.qunarzz.com/sight/p0/2005/fd/fd55ca5d1b146afba3.img.jpg_280x200_c7b9be97.jpg,782,2020-05-12 01:00:04,湖北
陕西·延安·黄陵县,黄帝陵,3266042123,文化古迹,5A景区,热度 1.0,陕西省延安市黄陵县城北的桥山颠,中华始祖黄帝轩辕氏的陵墓,"109.280487,35.587062",http://img1.qunarzz.com/sight/p83/201211/00/cc017c562fd1e6d793835fbb.jpg_280x200_45abee8a.jpg,744,2020-05-12 01:00:04,陕西
上海·上海·松江区,广富林文化遗址,3762549429,文化古迹,,热度 0.0,上海市松江区广富林路3260弄,上海历史文化之根,"121.20174,31.063886",http://img1.qunarzz.com/sight/p0/1807/25/255610a5183e88a1a3.img.jpg_280x200_b4e9dc9a.jpg,736,2020-05-12 01:00:04,上海
江苏·苏州·吴江区,同里古镇,3696794349,文化古迹,5A景区,热度 0.8,江苏省苏州市吴江市同里镇,世界同里，东方小威尼斯,"120.725441,31.163773",http://img1.qunarzz.com/sight/p0/201405/14/2324f88e83f7b8675dd9e74a3c2f2fa5.jpg_280x200_fe428776.jpg,728,2020-05-12 01:00:04,江苏
天津·天津·蓟县,天津蓟州黄崖关长城景区,1548137918,文化古迹,4A景区,热度 0.74,天津市蓟县下营镇黄崖关村卫围公路28公里,将万里长城精华荟萃于一地，文化内涵丰富,"117.451814,40.250234",http://img1.qunarzz.com/sight/p0/1603/58/58078bf3b52bf81590.water.jpg_280x200_863f5311.jpg,704,2020-05-12 01:00:04,天津
河南·洛阳·洛龙区,龙门石窟,2713529684,文化古迹,5A景区,热度 1.0,河南省洛阳市洛龙区龙门中街13号,世界文化遗产 中国石刻艺术宝库,"112.479566,34.564212",http://img1.qunarzz.com/sight/p65/201211/07/2dcda4e400ace9f993835fbb.jpg_280x200_c3191c5f.jpg,698,2020-05-12 01:00:04,河南
湖南·长沙·望城区,铜官窑,1362058964,文化古迹,,热度 0.0,湖南省长沙市望城区X181,釉下彩瓷的发源地,"112.840208,28.42495",http://img1.qunarzz.com/sight/p0/2003/fd/fde6afd5d788043fa3.img.jpg_280x200_f74a16ce.jpg,698,2020-05-12 01:00:04,湖南
四川·阿坝藏族羌族自治州·松潘县,黄龙风景区,3863969464,文化古迹,5A景区,热度 0.74,四川省阿坝藏族羌族自治州松潘县,保护完好的高原湿地,"103.839798,32.75533",http://img1.qunarzz.com/sight/p0/201301/08/e338282fd4401af393835fbb.jpg_280x200_b1e8f878.jpg,696,2020-05-12 01:00:04,四川
海南·保亭,槟榔谷黎苗文化区,3907699975,文化古迹,5A景区,热度 0.72,海南省三亚市保亭黎苗族自治县甘什岭自然保护区,一个逃逸世俗的心灵驿站,"109.672069,18.403658",http://img1.qunarzz.com/sight/p0/1411/fe/faed12617349c5614f4b51f5eb991da8.water.jpg_280x200_70dcb283.jpg,688,2020-05-12 01:00:05,海南
陕西·西安·碑林区,西安城墙,2070637965,文化古迹,5A景区,热度 0.82,陕西省西安市碑林区永宁门,触摸历史遗迹，感受历史沧桑,"108.953364,34.256023",http://img1.qunarzz.com/sight/p0/1703/3a/3a4a9641a8867671a3.img.png_280x200_f28bac25.png,686,2020-05-12 01:00:05,陕西
四川·眉山·洪雅县,瓦屋山,2793794878,文化古迹,3A景区,热度 1.0,四川省眉山市洪雅县瓦屋山镇,世界自然遗产，全国大型国家森林公园,"102.998884,29.684073",http://img1.qunarzz.com/sight/p0/201403/07/2d53f434a7437617d515e06c4078041f.jpg_280x200_dd575e69.jpg,682,2020-05-12 01:00:05,四川
湖南·湘西·永顺县,芙蓉镇,3821446453,文化古迹,,热度 0.7,湘西土家族苗族自治州永顺县,醉人王村，夜色芙蓉初上浓妆,"109.95547,28.751383",http://img1.qunarzz.com/sight/p0/201402/26/ff3b92a461b4dcf10f4ee1f066dff703.jpg_280x200_8ece4635.jpg,676,2020-05-12 01:00:05,湖南
山西·忻州·代县,雁门关,227376430,文化古迹,5A景区,热度 0.72,山西省忻州代县雁门关景区（二广高速新广武出口8公里）,与宁武关、偏关合称为“外三关”,"112.894892,39.168842",http://img1.qunarzz.com/sight/p0/1908/1f/1f0a7c27567da3fda3.water.jpg_280x200_0c546dbd.jpg,672,2020-05-12 01:00:05,山西
江西·九江·庐山市,庐山风景名胜区,2295597022,文化古迹,5A景区,热度 1.0,江西省九江市庐山区,匡庐奇秀甲天下,"116.001261,29.561078",http://img1.qunarzz.com/sight/p0/1501/87/9dcb13572c70d3a2aae83b44121db72b.water.jpg_280x200_61310702.jpg,640,2020-05-12 01:00:05,江西
山西·大同·南郊区,云冈石窟,3467256297,文化古迹,5A景区,热度 1.0,山西省大同市城西约16公里的武州山南麓,石头写成的千年史卷,"113.139454,40.117323",http://img1.qunarzz.com/sight/p0/201408/01/9f8dfa93048e8c48d92abb80be419bdc.jpg_280x200_2e090c6c.jpg,630,2020-05-12 01:00:05,山西
海南·三亚·崖州区,大小洞天,3748366838,文化古迹,5A景区,热度 0.78,海南省三亚市以西四十公里（崖城镇南山村）,具备山、海、天一色的道家文化景区,"109.186963,18.307148",http://img1.qunarzz.com/sight/p0/1604/38/38bd0f1d0108ce4390.img.png_280x200_1e43ef63.png,626,2020-05-12 01:00:05,海南
云南·西双版纳·景洪市,景洪曼听公园,3601401562,文化古迹,4A景区,热度 0.86,云南省西双版纳傣族自治州景洪市曼听路35号,古老的傣王御花园,"100.814267,21.998503",http://img1.qunarzz.com/sight/p0/1507/6e/6e2fdb2f42ef9de3.img.jpg_280x200_e4c4ab4a.jpg,620,2020-05-12 01:00:05,云南
河南·郑州·嵩山,少林寺,2621763528,文化古迹,5A景区,热度 0.86,河南省郑州登封市西北13公里嵩山南麓,登顶中岳嵩山，一览天下胜景，领略禅宗教法,"112.948713,34.512389",http://img1.qunarzz.com/sight/p0/1709/e9/e9b7ae23f567806ea3.img.jpg_280x200_262df0a7.jpg,608,2020-05-12 01:00:05,河南
江西·鹰潭,龙虎山,3661090256,文化古迹,5A景区,热度 0.7,江西省鹰潭市西南20公里处贵溪市境内,神秘的古越族文明，体验绝美的自然风光,"116.999461,28.090447",http://img1.qunarzz.com/sight/p0/1702/db/dbc8f6cf051b3803a3.water.jpg_280x200_f888703a.jpg,582,2020-05-12 01:00:05,江西
广西·贺州·昭平县,黄姚古镇,3457869885,文化古迹,4A景区,热度 1.0,广西壮族自治区贺州市昭平县,诗境家园，电影《面纱》拍摄地,"111.209664,24.254288",http://img1.qunarzz.com/sight/p0/1411/a4/94f21d5f7a3d19473a517457d960d31d.water.jpg_280x200_9ab94cf7.jpg,580,2020-05-12 01:00:05,广西
河北·石家庄·鹿泉市,石家庄抱犊寨,1456854129,文化古迹,4A景区,热度 0.8800000000000001,河北省石家庄市西16公里处的鹿泉市获鹿县城西,“天下奇寨”、“抱犊福地”恍如世外桃源,"114.347321,38.084703",http://img1.qunarzz.com/sight/p0/1505/cc/ccc5641ce648ed4e.water.jpg_280x200_9570d2af.jpg,572,2020-05-12 01:00:05,河北
山东·济南·历下区,千佛山,3840604594,文化古迹,4A景区,热度 0.86,山东省济南市历下区经十一路18号,遥望齐州九点烟，一泓海水杯中泻,"117.041792,36.644733",http://img1.qunarzz.com/sight/p0/1505/da/da7c46e2eef8714e.water.jpg_280x200_9356eb70.jpg,566,2020-05-12 01:00:05,山东
广东·东莞·东莞市,东莞观音山旅游风景区,423322352,文化古迹,4A景区,热度 0.76,广东省东莞市樟木头镇石新区笔架山大道1号,南天圣地，百粤秘境,"114.103413,22.911516",http://img1.qunarzz.com/sight/p0/1905/af/af4f95f579ee43b1a3.water.jpg_280x200_00b5a8e1.jpg,560,2020-05-12 01:00:05,广东
河南·开封·鼓楼区,开封府,2504999724,文化古迹,4A景区,热度 0.96,河南省开封市包公东湖北岸,开封有个包青天，铁面无私辨忠奸,"114.353429,34.796032",http://img1.qunarzz.com/sight/p0/1701/88/885ec9c1584a572aa3.img.png_280x200_91ebdc7b.png,558,2020-05-12 01:00:06,河南
四川·成都·青羊区,成都杜甫草堂,956898870,文化古迹,4A景区,热度 0.86,四川省成都市青羊区青华路37号,成都地标签到处,"104.036061,30.666089",http://img1.qunarzz.com/sight/p64/201211/04/9173ff9f33e97f3193835fbb.jpg_280x200_9537b05a.jpg,548,2020-05-12 01:00:06,四川
山西·晋中·灵石县,山西王家大院,2084299625,文化古迹,4A景区,热度 0.82,山西省晋中市灵石县静升镇静升村,汉族传统民俗文化建筑艺术的瑰宝,"111.881551,36.902417",http://img1.qunarzz.com/sight/p0/1505/1c/1c21633345733b93.water.jpg_280x200_df5d91aa.jpg,534,2020-05-12 01:00:06,山西
江苏·南京·钟山风景区,中山陵,1514814960,文化古迹,5A景区,热度 1.0,江苏省南京市玄武区石象路7号,建筑名家之杰作，有着极高的艺术价值,"118.860335,32.063934",http://img1.qunarzz.com/sight/p0/201305/21/d8776b6f1b7ecc46c8d65eac.jpg_280x200_4b458fb1.jpg,528,2020-05-12 01:00:06,江苏
云南·大理·大理古城,崇圣寺三塔,3067239679,文化古迹,5A景区,热度 0.86,云南省大理市大理古城西北两公里的苍山应乐峰下,大理的标志和象征，来大理不可错过的地方哦,"100.149535,25.710163",http://img1.qunarzz.com/sight/p0/1507/d7/d78af54137a77864.img.jpg_280x200_8ad963f3.jpg,506,2020-05-12 01:00:06,云南
四川·成都·安仁古镇,刘氏庄园,3844377584,文化古迹,4A景区,热度 0.7,四川省成都市大邑县安仁镇金桂街15号,川西民俗传统文化大观园：建筑、馆藏、泥塑,"103.634052,30.510959",http://img1.qunarzz.com/sight/p0/1501/ee/ee82c0ca6971318e.water.jpg_280x200_ab342095.jpg,480,2020-05-12 01:00:06,四川
湖北·武汉·武昌区,户部巷,2300176978,文化古迹,,热度 0.0,湖北省武汉市武昌区自由路,汉味早点特色街区,"114.30429,30.552322",http://img1.qunarzz.com/sight/p0/201403/11/1f70100804193c28f8b71378c0faa49e.jpg_280x200_f5e35338.jpg,474,2020-05-12 01:00:06,湖北
北京·北京·石景山区,八大处公园,3063258403,文化古迹,4A景区,热度 0.72,北京市石景山区八达处路3号,有八座古寺而得名，香山外另一爬山绝佳地,"116.190163,39.967956",http://img1.qunarzz.com/sight/p0/1603/c7/c7788086a209ce3590.water.jpg_280x200_c5c4bed2.jpg,464,2020-05-12 01:00:06,北京
北京·北京·东城区,天坛公园,1053903287,文化古迹,5A景区,热度 0.8,北京市东城区天坛内东里7号,探寻古代皇帝祭天仪式的奥秘,"116.417313,39.887976",http://img1.qunarzz.com/sight/p0/1602/92/920e47352552c1c990.water.jpg_280x200_cf5666bb.jpg,448,2020-05-12 01:00:06,北京
河南·洛阳·老城区,隋唐洛阳城明堂天堂景区,325171384,文化古迹,,热度 0.0,河南省洛阳市老城区中州中路与定鼎路交叉口处,展现无以伦比的富丽堂皇,"112.464474,34.686965",http://img1.qunarzz.com/sight/p0/1808/77/77be1c67ab13a3a6a3.img.jpg_280x200_5f9b66aa.jpg,444,2020-05-12 01:00:06,河南
北京·北京·海淀区,香山公园,3442278694,文化古迹,4A景区,热度 0.72,北京市海淀区买卖街40号,深秋时节，红叶漫山遍野，灿烂夺目,"116.203098,39.996942",http://img1.qunarzz.com/sight/p0/201403/07/a3231208ca4095bef77068c202d95bd2.jpg_280x200_02de1b58.jpg,436,2020-05-12 01:00:06,北京
陕西·咸阳·泾阳县,郑国渠,3506890410,文化古迹,,热度 0.0,陕西省咸阳市泾阳县西北25公里泾河北岸,始建于战国，形成了全部自流灌溉系统,"108.638964,34.61499",http://img1.qunarzz.com/sight/p0/201304/09/3005b70fe5a65773c8d65eac.jpg_280x200_1d51333c.jpg,434,2020-05-12 01:00:06,陕西
四川·宜宾·兴文县,兴文石海,2832463844,文化古迹,,热度 0.7,四川省宜宾市兴文县石海镇梅岭,瀑布灵秀飘逸，湖泊碧波荡漾,"105.145189,28.178225",http://img1.qunarzz.com/sight/p0/201403/27/c35a857a87109025eb160171dc97353c.jpg_280x200_c9931874.jpg,424,2020-05-12 01:00:06,四川
山东·济南·历城区,青铜山大峡谷,2734606163,文化古迹,,热度 0.0,山东省济南市历城区锦绣川老庄村北青铜山南麓,探险娱乐和休闲会议为一体的风景名胜区,"117.131448,36.54233",http://img1.qunarzz.com/sight/p0/1810/4a/4a8e8a38e9fcd6f8a3.img.jpg_280x200_f8948872.jpg,422,2020-05-12 01:00:06,山东
浙江·绍兴·绍兴县,安昌古镇,1734038046,文化古迹,3A景区,热度 0.82,浙江省绍兴市绍兴县,碧水贯街千万居，彩虹跨河十七桥,"120.502674,30.141843",http://img1.qunarzz.com/sight/p0/1603/29/29019b2bcff523b890.water.jpg_280x200_cc4a5156.jpg,422,2020-05-12 01:00:06,浙江
江苏·南京·秦淮区,大报恩寺遗址公园,528078619,文化古迹,,热度 0.0,江苏省南京市秦淮区雨花路正学路1号,长干里是江南佛教圣地素有“佛陀里”之美,"118.787634,32.015811",http://img1.qunarzz.com/sight/p0/1512/95/9579bcb3e5a206cc90.water.jpg_280x200_cf2e064a.jpg,412,2020-05-12 01:00:07,江苏
广西·南宁·西乡塘区,龙门水都,1615698442,文化古迹,,热度 0.0,广西壮族自治区南宁市西乡塘区振兴路,现代时尚水乡,"108.265236,22.891265",http://img1.qunarzz.com/sight/p0/1807/3d/3d5f30dcfee51505a3.img.jpg_280x200_b7bf4709.jpg,398,2020-05-12 01:00:07,广西
江苏·南京·钟山风景区,美龄宫,312585100,文化古迹,,热度 0.0,江苏省南京市玄武区钟山中山陵景区内,一幢中国宫殿式大屋顶建筑，富丽堂皇,"118.85242916555,32.052003575182",http://img1.qunarzz.com/sight/p18/201211/03/db9f2bb27ee40bf893835fbb.jpg_280x200_71142831.jpg,394,2020-05-12 01:00:07,江苏
宁夏·银川·灵武市,水洞沟旅游区,3773656333,文化古迹,5A景区,热度 0.82,"宁夏银川市灵武市临河镇水洞沟旅游景区（西距银川市19公里,距机场11公里）",古人类、古长城遗址地,"106.525497,38.289477",http://img1.qunarzz.com/sight/p0/1601/24/24dfb2e40d52d30090.img.jpg_280x200_52c27c16.jpg,380,2020-05-12 01:00:07,宁夏
山西·临汾·洪洞县,洪洞大槐树,1593121255,文化古迹,5A景区,热度 1.0,山西省临汾市洪洞县古槐北路公园街002号,问我祖先在何处，山西洪洞大槐树,"111.681287,36.275181",http://img1.qunarzz.com/sight/p0/201403/07/03673b5bef5a9cacf2d3ac0f6deff6c1.jpg_280x200_6b6b768c.jpg,376,2020-05-12 01:00:07,山西
浙江·嘉兴·乌镇,乌镇西栅,4085764381,文化古迹,,热度 0.0,浙江省嘉兴市桐乡市乌镇西大街,水乡风貌原汁原味，文化底蕴千年积淀,"120.493068,30.755595",http://img1.qunarzz.com/sight/p0/201302/05/7baaa81258670852c8d65eac.jpg_280x200_e7cb55d1.jpg,372,2020-05-12 01:00:07,浙江
安徽·池州·青阳县,九华山,489004853,文化古迹,5A景区,热度 1.0,安徽省池州市九华山镇二一九省道,神奇灵秀地，大愿九华山,"117.810454,30.488263",http://img1.qunarzz.com/sight/p0/1605/68/683895595a535e2090.img.jpg_280x200_d573ba04.jpg,372,2020-05-12 01:00:07,安徽
湖北·襄阳·襄城区,古隆中,3228598317,文化古迹,5A景区,热度 1.0,湖北省襄阳襄城区隆中路461号,诸葛亮“躬耕陇亩”，刘备“三顾茅庐”之地,"112.041845,31.99698",http://img1.qunarzz.com/sight/p0/1412/f7/a2a3f514bb1cbd084641e618ab4d353b.water.jpg_280x200_f92be7eb.jpg,366,2020-05-12 01:00:07,湖北
陕西·宝鸡·岐山县,中国∙周原景区,4211895065,文化古迹,,热度 0.0,宝鸡市岐山县凤鸣镇北郭村江家沟组岐周路西侧,以中华周文化展示与传承为核心的文化景区,"107.606948,34.480826",http://img1.qunarzz.com/sight/p0/1807/f2/f290ceae1a05388ca3.water.jpg_280x200_fa628a9d.jpg,356,2020-05-12 01:00:07,陕西
湖南·长沙·宁乡县,宁乡炭河古城,1849100349,文化古迹,,热度 0.7,湖南省长沙市宁乡县沩山脚下黄材镇,第6批全国重点文物保护单位,"112.4300143405,28.188596302231",http://img1.qunarzz.com/sight/p0/2003/ce/ce28c1976bd79ec6a3.img.jpg_280x200_a5e020a4.jpg,348,2020-05-12 01:00:07,湖南
湖南·岳阳·岳阳楼区,岳阳楼,751669301,文化古迹,5A景区,热度 1.0,湖南省岳阳市岳阳楼区洞庭北路60号,未到江南先一笑，岳阳楼上对君山,"113.013372,29.3586",http://img1.qunarzz.com/sight/p0/1412/4c/452667b2b850fc583b64b7186b6c680a.water.jpg_280x200_8c72c155.jpg,328,2020-05-12 01:00:07,湖南
河北·石家庄·赵县,赵州桥,289968096,文化古迹,4A景区,热度 0.8,河北省石家庄市赵县,始建隋朝，1400年古代单孔敞肩石拱桥,"114.775583,37.728641",http://img1.qunarzz.com/sight/p0/1412/13/55207b20b5b86bc5c5dbd62d4eba53b1.water.jpg_280x200_7004698f.jpg,326,2020-05-12 01:00:07,河北
贵州·黔东南·麻江县,下司古镇,1769826475,文化古迹,,热度 0.7,贵州省黔东南苗族侗族自治州麻江县下司镇内,黔湘川水陆通衢，六百年清江风华,"107.81043161073,26.52156702558",http://img1.qunarzz.com/sight/p0/1709/6d/6dbd72bdc593a0ffa3.img.jpg_280x200_56f42cb6.jpg,320,2020-05-12 01:00:07,贵州
江西·南昌·东湖区,滕王阁,2301240201,文化古迹,5A景区,热度 1.0,江西省南昌市东湖区仿古街58号,落霞与孤鹜齐飞，秋水共长天一色,"115.888564,28.686101",http://img1.qunarzz.com/sight/p0/1609/94/945ab5b76758703a3.water.jpg_280x200_7147ca75.jpg,318,2020-05-12 01:00:07,江西
广东·清远·连南瑶族,千年瑶寨,1184826927,文化古迹,,热度 0.0,广东省清远市连南瑶族自治县三排镇南岗村,山势宏伟，古道蜿蜒，寨旁千顷梯田绵延,"112.310135,24.587098",http://img1.qunarzz.com/sight/p0/1901/b9/b98c96818a52fe42a3.img.jpg_280x200_72e065d4.jpg,318,2020-05-12 01:00:07,广东
安徽·黄山·徽州区,呈坎,4063128222,文化古迹,5A景区,热度 0.72,安徽省黄山市徽州区呈坎镇,集自然八卦和人文八卦相结合的千年古村,"118.293031,29.928992",http://img1.qunarzz.com/sight/p0/1505/64/64ce9977febb0095.water.jpg_280x200_a2718aad.jpg,314,2020-05-12 01:00:08,安徽
湖南·张家界·武陵源区,武陵源风景名胜区,3726533679,文化古迹,,热度 1.0,湖南省张家界市武陵源区,世界自然遗产，张家界核心景区,"110.487843,29.3416",http://img1.qunarzz.com/sight/p0/201305/24/07029867f0a9a7a7c8d65eac.jpg_280x200_ee978222.jpg,312,2020-05-12 01:00:08,湖南
浙江·嘉兴·南湖区,梅花洲景区,3622724002,文化古迹,4A景区,热度 0.0,浙江省嘉兴市南湖区凤桥镇三星路10号,"看花看水看春天,桃源盛景看不厌","120.85874,30.674676",http://img1.qunarzz.com/sight/p0/1803/d0/d0eaec89c2dee03da3.water.jpg_280x200_4c2954c5.jpg,310,2020-05-12 01:00:08,浙江
北京·北京·东城区,故宫,989946426,文化古迹,5A景区,热度 1.0,北京市东城区景山前街4号,世界五大宫之首，穿越与您近在咫尺,"116.403347,39.922148",http://img1.qunarzz.com/sight/p0/1409/19/adca619faaab0898245dc4ec482b5722.jpg_280x200_444f23e4.jpg,310,2020-05-12 01:00:08,北京
江西·上饶·婺源县,婺源风景区,456786705,文化古迹,5A景区,热度 1.0,江西省上饶市婺源县文公北路,中国绝美乡村，开始你的文艺之旅,"117.861924,29.247904",http://img1.qunarzz.com/sight/p0/1802/e0/e0736ee4db571454a3.img.jpg_280x200_a74a0681.jpg,294,2020-05-12 01:00:08,江西
北京·北京·门头沟区,京西古道,813941464,文化古迹,,热度 0.7,北京市门头沟区,具有重要的战略和交通地位,"116.055224,39.973156",http://img1.qunarzz.com/tuan/team2/1507/25/46f592c2e5ed95.jpg_280x200_323081f9.jpg,292,2020-05-12 01:00:08,北京
重庆·重庆·渝北区,两江国际影视城（民国街）,2243754659,文化古迹,,热度 0.0,重庆市渝北区民生路,以“民国历史”、“巴蜀特色”为主题的街区,"106.828801,29.691352",http://img1.qunarzz.com/sight/p0/1709/dc/dc4f5323c3fa4bb0a3.img.jpg_280x200_8edb3669.jpg,290,2020-05-12 01:00:08,重庆
福建·漳州·南靖土楼,田螺坑土楼群,3757888270,文化古迹,,热度 0.9800000000000001,福建省漳州市南靖县书洋镇,当地人戏称“四菜一汤”,"117.067305,24.589879",http://img1.qunarzz.com/sight/p0/1902/b3/b39f811825d509dda3.img.jpg_280x200_13c7439a.jpg,290,2020-05-12 01:00:08,福建
天津·天津·西青区,石家大院,361749432,文化古迹,4A景区,热度 0.74,天津市西青区杨柳青镇估衣街47号,现为民俗博物馆，是清代津门八大家之一,"117.017172,39.14089",http://img1.qunarzz.com/wugc/p76/201207/17/70330056cdcb45eb93835fbb.jpg_280x200_4ee132a8.jpg,288,2020-05-12 01:00:08,天津
江苏·镇江·润州区,镇江金山,2378116228,文化古迹,5A景区,热度 0.0,江苏省镇江市润州区金山路62号,法海岂能懂爱，白娘娘大发雌威之地,"119.422532,32.225542",http://img1.qunarzz.com/sight/p0/1507/1d/116e14079ea2130a37b92117571739f3.water.jpg_280x200_54ba41a6.jpg,288,2020-05-12 01:00:08,江苏
云南·丽江·古城区,丽江古城,1815236618,文化古迹,5A景区,热度 1.0,云南省丽江市玉龙纳西族自治县东大街1号,一座没有城墙的古城，依山傍水，风景秀丽,"100.240547,26.881159",http://img1.qunarzz.com/sight/p0/201304/27/941d94ee97cc947cc8d65eac.jpg_280x200_11a09093.jpg,284,2020-05-12 01:00:08,云南
广西·桂林·秀峰区,桂林两江四湖景区,858225756,文化古迹,5A景区,热度 0.7,广西壮族自治区桂林市秀峰区滨江路12号,重现唐宋时尚的环游桂林线路，轻悠旅程时光,"110.298547,25.257801",http://img1.qunarzz.com/sight/p0/1809/2f/2fdd8fb4dae74701a3.water.jpg_280x200_cd2623bd.jpg,282,2020-05-12 01:00:08,广西
辽宁·沈阳·沈河区,沈阳故宫,1333032179,文化古迹,4A景区,热度 0.7,辽宁省沈阳市沈河区沈阳路171号,观皇家宫苑，赏珍宝文物,"123.462202,41.804471",http://img1.qunarzz.com/sight/p0/1509/99/990b3e72493bf6f2.img.jpg_280x200_a0f26119.jpg,282,2020-05-12 01:00:08,辽宁
江苏·苏州·常熟市,沙家浜,3969348563,文化古迹,5A景区,热度 0.72,江苏省苏州市常熟市阳澄湖畔,穿越历史的气质美,"120.807985,31.559447",http://img1.qunarzz.com/sight/p0/1802/80/80c0ccee0d2debf9a3.img.jpg_280x200_12493d99.jpg,282,2020-05-12 01:00:08,江苏
云南·昆明·西山区,昆明西山龙门景区,1353886282,文化古迹,4A景区,热度 0.74,云南省昆明市西山区西山公路,瞻仰文化碑林，看满清八旗遗迹,"102.640355,24.964658",http://img1.qunarzz.com/sight/p0/1408/26/398f244640d5afd568686bf53ee44f2c.jpg_280x200_a2c22434.jpg,282,2020-05-12 01:00:08,云南
陕西·西安·新城区,大明宫国家遗址公园,2972581121,文化古迹,4A景区,热度 0.72,陕西省西安市新城区自强东路585号大明宫国家遗址公园丹凤门,唐代长安城禁苑,"108.968257,34.309657",http://img1.qunarzz.com/sight/p0/1412/84/f696c67a8052bb60e6fc51b0f9ba7388.water.jpg_280x200_fe9002cb.jpg,274,2020-05-12 01:00:08,陕西
浙江·嘉兴·嘉善县,西塘古镇,3942761498,文化古迹,5A景区,热度 0.8400000000000001,浙江省嘉兴市嘉善县西塘镇,水墨西塘让你感受古镇千年的诗情画意,"120.89521,30.945875",http://img1.qunarzz.com/sight/p0/1607/21/2142167d4b1bfa84b4.water.jpg_280x200_32c6f5cb.jpg,272,2020-05-12 01:00:08,浙江
浙江·宁波·象山县,中国渔村,864865639,文化古迹,4A景区,热度 0.72,浙江省宁波市象山石浦中国渔村,观看渔家传统活动，感受真切的渔区风情,"121.966257,29.243854",http://img1.qunarzz.com/sight/p0/1909/75/7550cf51bca6aa0da3.img.jpg_280x200_77a6e905.jpg,272,2020-05-12 01:00:08,浙江
河南·南阳·西峡县,西峡恐龙遗迹园,2117609957,文化古迹,5A景区,热度 0.82,河南省南阳市西峡县丹水镇三里庙村,参观恐龙遗迹，重返恐龙时代,"111.692795,33.23493",http://img1.qunarzz.com/sight/p0/201307/12/8aabff2d7850ff18c8d65eac.jpg_280x200_20ec5105.jpg,266,2020-05-12 01:00:08,河南
广西·柳州·三江县,程阳八寨景区,2247288538,文化古迹,4A景区,热度 0.7,广西省柳州市三江侗族自治县林溪乡程阳八寨,别具一格的建筑技艺和雄伟风姿而闻名于世,"109.647018,25.901019",http://img1.qunarzz.com/sight/p0/1808/47/4766ee01cea6f21aa3.water.jpg_280x200_4acc3873.jpg,264,2020-05-12 01:00:08,广西
浙江·绍兴,大香林•兜率天景区,294444737,文化古迹,4A景区,热度 0.0,浙江省绍兴市柯桥区湖塘街道大香林风景区,兜率净土，人间圣境,"120.426408,30.033812",http://img1.qunarzz.com/sight/p0/1502/eb/eb46079c7d7d4514.water.jpg_280x200_ee558b8a.jpg,262,2020-05-12 01:00:08,浙江
贵州·铜仁·梵净山,红云金顶,4269400952,文化古迹,,热度 0.0,贵州省铜仁地区印江土家族苗族自治县 梵净山国家级自然保护区,晨间红云瑞气常饶四周，人称红云金顶,"108.62114121107,27.946472500349",http://img1.qunarzz.com/sight/p4/201211/05/97ec2011f9ca933393835fbb.jpg_280x200_e929cdf9.jpg,260,2020-05-12 01:00:08,贵州
湖北·武汉·黄陂区,木兰清凉寨,2308364313,文化古迹,4A景区,热度 0.7,湖北省武汉市黄陂区蔡店乡,山依水活，水依山清，山水辉映，旅游胜境,"114.225206,31.298063",http://img1.qunarzz.com/sight/p0/201212/20/aef8ac7cbef2738d93835fbb.jpg_280x200_38b901e8.jpg,260,2020-05-12 01:00:08,湖北
湖南·湘西·凤凰县,凤凰古城,2809556640,文化古迹,4A景区,热度 1.0,湖南省湘西土家族苗族自治州凤凰县凤凰古城,邂逅数个人，偶遇一座城,"109.607088,27.953295",http://img1.qunarzz.com/sight/p0/1605/58/5847560fd55ff6f590.water.jpg_280x200_e0175673.jpg,254,2020-05-12 01:00:08,湖南
四川·南充·阆中市,阆中古城,1511646521,文化古迹,5A景区,热度 1.0,四川省阆中市阆水中路33号,张飞镇守的风水古城,"105.977638,31.580898",http://img1.qunarzz.com/sight/p0/1609/70/70de50ed9f51e32fa3.water.jpg_280x200_4fd31f39.jpg,252,2020-05-12 01:00:08,四川
陕西·宝鸡·扶风县,法门寺,1305053654,文化古迹,5A景区,热度 1.0,陕西省宝鸡市扶风县城北10公里法门镇,释迦牟尼佛指舍利供奉圣地,"107.909964,34.430433",http://img1.qunarzz.com/sight/p0/1503/a1/a1ea9627a38fd8cd.water.jpg_280x200_f614c8e4.jpg,250,2020-05-12 01:00:08,陕西
浙江·宁波·奉化市,溪口风景区,218721653,文化古迹,5A景区,热度 0.9,浙江省宁波市奉化市溪口镇,寻找传奇色彩的小故事,"121.22742,29.687265",http://img1.qunarzz.com/sight/p0/1512/3d/3df36519af16757990.img.jpg_280x200_31a199a5.jpg,248,2020-05-12 01:00:08,浙江
河南·三门峡·陕县,陕州地坑院,1461802010,文化古迹,,热度 0.0,河南省三门峡市陕州地坑院民俗文化园附近（东方向154米左右）,祖祖辈辈黄土人割舍不尽流淌着的血脉,"111.145534,34.697394",http://img1.qunarzz.com/sight/p0/1701/d0/d07e238f666836e3a3.water.jpg_280x200_37d5e9a1.jpg,246,2020-05-12 01:00:08,河南
陕西·咸阳·乾县,乾陵,441556452,文化古迹,4A景区,热度 1.0,陕西省咸阳市乾县城北6公里梁山上,一代女皇圣地，千古盛唐乾陵,"108.226308,34.577233",http://img1.qunarzz.com/sight/p0/1505/2e/2eb25cce70d82954.water.jpg_280x200_e62dc434.jpg,244,2020-05-12 01:00:08,陕西
广东·深圳·宝安区,海上田园,3414638819,文化古迹,4A景区,热度 0.74,广东省深圳市宝安区沙井镇,炊烟升起，暮照大地，农家有绿意,"113.780542,22.733255",http://img1.qunarzz.com/sight/p0/1603/96/96f47768e63ffdbe90.water.jpg_280x200_63bf583b.jpg,242,2020-05-12 01:00:08,广东
广东·中山·中山市区,詹园,245146644,文化古迹,4A景区,热度 0.76,广东省中山市南区北台村105国道旁,中国古典园林的造景艺术精髓运用得淋漓尽致,"113.337474,22.440491",http://img1.qunarzz.com/sight/p0/201211/01/81738f772a92c4b593835fbb.jpg_280x200_a121cb59.jpg,236,2020-05-12 01:00:09,广东
辽宁·锦州·北镇市,青岩寺风景区,2470094640,文化古迹,,热度 1.0,辽宁省锦州市北镇市,建筑位置险要，结构布局奇特,"121.633058,41.467058",http://img1.qunarzz.com/sight/p0/1909/58/58f13ff429379b3ea3.img.jpg_280x200_a300aadf.jpg,232,2020-05-12 01:00:09,辽宁
浙江·杭州·建德市,大慈岩,3124721293,文化古迹,4A景区,热度 0.7,浙江省杭州建德市大慈岩镇,以江南悬空寺、长谷溪流、天然立佛闻名,"119.301811,29.333066",http://img1.qunarzz.com/sight/p0/201301/04/3e7bcd443418f52c93835fbb.jpg_280x200_c5c08262.jpg,230,2020-05-12 01:00:09,浙江
浙江·宁波·鄞州区,天宫庄园,2277786005,文化古迹,4A景区,热度 0.72,浙江省宁波市鄞州区下应镇湾底村,宁波著名的都市村庄,"121.582717,29.808038",http://img1.qunarzz.com/sight/p0/1603/d7/d76d71920dfad05d90.water.jpg_280x200_d52ea665.jpg,230,2020-05-12 01:00:09,浙江
云南·德宏·瑞丽市,一寨两国,1675818059,文化古迹,,热度 0.0,云南省德宏瑞丽市,“一个寨子分属两个国家”的独特景观,"97.802071,23.961167",http://img1.qunarzz.com/sight/p0/201303/14/fb9c7eb9b31b1649c8d65eac.png_280x200_5ede3c8a.png,222,2020-05-12 01:00:09,云南
云南·迪庆·香格里拉县,噶丹松赞林寺,2324961239,文化古迹,4A景区,热度 0.9,云南省迪庆藏族自治州香格里拉县尼旺路下段,寻梦香格里拉，寻找消失的地平线,"99.712056,27.86626",http://img1.qunarzz.com/sight/p0/1507/ca/cae56b06ac513f84.img.jpg_280x200_acff3aeb.jpg,216,2020-05-12 01:00:09,云南
山西·晋城·阳城县,皇城相府,3029001101,文化古迹,5A景区,热度 1.0,山西省晋城市阳城县北留镇皇城村,大美皇城，传统中国年,"112.588586,35.519979",http://img1.qunarzz.com/sight/p0/1602/81/81dba944d147472d90.img.jpg_280x200_492ce488.jpg,216,2020-05-12 01:00:09,山西
江苏·苏州·吴中区,甪直古镇,2814514246,文化古迹,4A景区,热度 0.72,江苏省苏州市吴中区甪直古镇景区,神州水乡佼佼者,"120.878241,31.276029",http://img1.qunarzz.com/sight/p0/1505/9d/9d12e0828697e84b.water.jpg_280x200_dec17444.jpg,214,2020-05-12 01:00:09,江苏
北京·北京·密云县,司马台长城,2335961053,文化古迹,4A景区,热度 0.76,北京市密云县东北部的古北口镇境内,城墙依险峻山势而筑，以奇、特、险著称于世,"117.284641,40.660322",http://img1.qunarzz.com/sight/p0/1603/69/696406b990ae8cee90.water.jpg_280x200_fc84ecdd.jpg,214,2020-05-12 01:00:09,北京
重庆·重庆·渝中区,朝天门,2016792752,文化古迹,,热度 0.0,重庆市渝中区渝中半岛嘉陵江与长江交汇处,重庆十大文化符号”之一,"108.645189,31.029858",http://img1.qunarzz.com/sight/p0/1705/5c/5c00cf8542ccd71ca3.water.jpg_280x200_94fa7fee.jpg,214,2020-05-12 01:00:09,重庆
江苏·苏州·吴中区,木渎古镇,3127571745,文化古迹,4A景区,热度 0.76,江苏省苏州市吴中区中山西路,与灵山相辅相成，展现园林古镇的魅力,"120.512729,31.260181",http://img1.qunarzz.com/sight/p0/1901/4c/4c16fcadeb147bbea3.img.jpg_280x200_c3c78ef2.jpg,214,2020-05-12 01:00:09,江苏
山东·威海·荣成市,石岛赤山,4267861615,文化古迹,4A景区,热度 0.8,山东省威海荣成市石岛区法华路,十大景观交相辉映，美不胜收,"122.408683,36.908852",http://img1.qunarzz.com/sight/p0/1710/68/68da73a9772c495fa3.img.jpg_280x200_08d2ac98.jpg,214,2020-05-12 01:00:09,山东
四川·德阳·广汉市,三星堆,1965058461,文化古迹,4A景区,热度 1.0,四川省德阳广汉市西安路133号,20世纪人类的考古发现,"104.22944,31.007071",http://img1.qunarzz.com/sight/p0/1505/46/46e1a37cf8a69512.water.jpg_280x200_96cf1411.jpg,208,2020-05-12 01:00:09,四川
江西·上饶·婺源风景区,晓起,3824706552,文化古迹,,热度 0.76,江西省上饶市婺源县江湾镇,自然环境野碧风清，街巷曲折宁静,"118.037965,29.3975",http://img1.qunarzz.com/sight/p0/201403/12/3b5d16550df00df9bd7411684d9bd5e9.jpg_280x200_879f9220.jpg,208,2020-05-12 01:00:09,江西
湖北·恩施·恩施市,恩施土司城,906058022,文化古迹,4A景区,热度 0.8800000000000001,湖北省恩施市土司路138号,一座土家族土司文化标志性工程,"109.478573,30.307085",http://img1.qunarzz.com/sight/p0/1505/41/41895bdf2e3c941e.water.jpg_280x200_988aa4e9.jpg,206,2020-05-12 01:00:09,湖北
广西·桂林·秀峰区,独秀峰王城景区,1537503131,文化古迹,5A景区,热度 0.72,广西壮族自治区桂林市秀峰区王城路1号,明代王府清朝贡院所在地，阅尽王城知桂林,"110.305678,25.289462",http://img1.qunarzz.com/sight/p0/201407/30/b71784bdf6afa1a4f28dfb3467fe0253.jpg_280x200_1451cd88.jpg,204,2020-05-12 01:00:10,广西
重庆·重庆·奉节县,白帝城,4086229355,文化古迹,4A景区,热度 0.78,重庆市近郊奉节县瞿塘峡口长江北岸,三国史上悲壮的一幕，刘备托孤之地,"109.580814,31.049698",http://img1.qunarzz.com/sight/p0/1505/b3/b31e12fc4d731d7c.water.jpg_280x200_d0975703.jpg,202,2020-05-12 01:00:10,重庆
重庆·重庆·酉阳县,龚滩古镇,3952465955,文化古迹,4A景区,热度 0.72,重庆酉阳县龚滩古镇207号,寻觅“世外桃源“，绝壁上的音符,"108.359376,28.913345",http://img1.qunarzz.com/sight/p0/1609/bc/bcf475a02d6f99bfa3.water.jpg_280x200_3392c51f.jpg,202,2020-05-12 01:00:10,重庆
福建·漳州·南靖县,南靖土楼,760039225,文化古迹,,热度 0.0,福建省漳州市南靖县书洋镇(旧圩)田螺坑,美不胜收的土楼王国,"117.293053,24.668803",http://img1.qunarzz.com/sight/p0/1412/88/fe11d51d0e0764c9c6c424fb70fa7917.water.jpg_280x200_6120da81.jpg,202,2020-05-12 01:00:10,福建
宁夏·银川·贺兰县,贺兰山岩画,3791448389,文化古迹,4A景区,热度 0.9,宁夏回族自治区银川市贺兰县贺兰山东麓贺兰口,刻在岩石上的金戈铁马,"106.032253,38.742232",http://img1.qunarzz.com/sight/p0/1507/52/523298a2dabc3cc3.img.jpg_280x200_11ab1c93.jpg,202,2020-05-12 01:00:10,宁夏
安徽·亳州·谯城区,曹操运兵道,1333952426,文化古迹,,热度 0.0,安徽省亳州市谯城区人民路49号,历史悠久，规模宏大的地下军事战道,"115.785453,33.878107",http://img1.qunarzz.com/sight/p0/1601/82/8283090a1aa6990c90.img.jpg_280x200_2e9de494.jpg,198,2020-05-12 01:00:10,安徽
河南·开封·龙亭区,龙亭公园,79109322,文化古迹,4A景区,热度 0.86,河南省开封市龙亭区宋都御街北街,开封揽胜必游龙亭，中外游客向往之地,"114.359797,34.814381",http://img1.qunarzz.com/sight/p0/1910/78/78db4cdeca88e867a3.water.jpg_280x200_f9147d72.jpg,196,2020-05-12 01:00:10,河南
河南·商丘·永城市,芒砀山旅游区,1073878912,文化古迹,5A景区,热度 0.0,河南省永城市芒山镇芒砀山景区,一座著名的汉文化旅游胜地,"116.494404,34.182804",http://img1.qunarzz.com/sight/p0/1410/45/f13cdf5a4150c31f047d7a4f4457f33d.water.jpg_280x200_79e7488e.jpg,194,2020-05-12 01:00:10,河南
山东·威海·荣成市,西霞口旅游度假区,1963769077,文化古迹,4A景区,热度 0.76,山东省威海市荣成市环海公路,中国石画艺术，精美的中国山水画卷,"122.638932,37.417408",http://img1.qunarzz.com/sight/p0/1603/73/731866c822b9e75e90.img.jpg_280x200_9ed27193.jpg,190,2020-05-12 01:00:10,山东
陕西·汉中·洋县,华阳古镇,2620374732,文化古迹,4A景区,热度 0.0,陕西省汉中市洋县华阳镇,昔日傥骆古道上繁华富庶的古驿站,"107.56913,33.575586",http://img1.qunarzz.com/sight/p0/1505/fa/fa74523eb727ba99.water.jpg_280x200_286db79b.jpg,188,2020-05-12 01:00:10,陕西
江西·景德镇·浮梁县,瑶里,3752083254,文化古迹,4A景区,热度 0.9800000000000001,江西省景德镇市浮梁县087县道瑶里风景区,比景德镇更老的瓷都,"117.588075,29.547307",http://img1.qunarzz.com/sight/p0/1505/33/3360c040d6fc55d0.water.jpg_280x200_5e30a8ab.jpg,186,2020-05-12 01:00:10,江西
宁夏·固原·西吉县,火石寨国家地质公园,1564154537,文化古迹,4A景区,热度 0.78,宁夏省固原市西吉县,有堪称四绝的奇山，岩层，茂树，洞窟,"105.761388,36.093087",http://img1.qunarzz.com/sight/p0/1604/12/12a275bea2ce97c890.img.jpg_280x200_ad7ae226.jpg,184,2020-05-12 01:00:10,宁夏
河北·承德·双桥区,避暑山庄,3558786789,文化古迹,5A景区,热度 1.0,河北省承德市双桥区丽正门大街20号,古代帝王宫苑，清代皇帝避暑处理政务地,"117.940068,41.002781",http://img1.qunarzz.com/sight/p0/1507/b0/b01d5fd6a14ad85f.img.jpg_280x200_8e9161a3.jpg,184,2020-05-12 01:00:10,河北
安徽·芜湖·鸠江区,鸠兹古镇,3226123305,文化古迹,4A景区,热度 0.0,安徽省芜湖市鸠江区纬二路,车水马龙，商贾云集，徽商扎堆的徽帮雄镇,"118.473303,31.374645",http://img1.qunarzz.com/sight/p0/1810/39/397e9171aacd5fb0a3.img.jpg_280x200_325f8d89.jpg,182,2020-05-12 01:00:10,安徽
浙江·宁波·溪口风景区,雪窦山,1102031209,文化古迹,5A景区,热度 0.74,浙江省宁波奉化市溪口镇武岭西路39-1号,"让心灵去远行,去雪窦山进行一场禅修之旅吧","121.290404,29.687924",http://img1.qunarzz.com/sight/p0/201406/09/9b6a236005af2a74aad1ed2dadf8e5b6.jpg_280x200_66083526.jpg,182,2020-05-12 01:00:10,浙江
广东·清远·连州市,湟川三峡,2397938855,文化古迹,4A景区,热度 0.72,广东省清远连州市九陂镇龙潭管理区连江河段,湟川三峡多美景，湟川文化更悠久,"112.418323,24.768381",http://img1.qunarzz.com/sight/p0/1708/65/65029f88e6df89c7a3.water.jpg_280x200_3b04bada.jpg,180,2020-05-12 01:00:11,广东
辽宁·丹东·宽甸县,虎山长城,618081245,文化古迹,4A景区,热度 0.76,辽宁省丹东市宽甸县虎山乡的虎山南麓,虎山状如卧虎，地势险要，为关隘重地,"124.528379,40.232817",http://img1.qunarzz.com/sight/p0/201301/11/abe634159cd3ef9193835fbb.jpg_280x200_c887345d.jpg,176,2020-05-12 01:00:11,辽宁
海南·万宁,东山岭文化旅游区,3097683122,文化古迹,4A景区,热度 0.8,海南省万宁市万城镇以东2公里处,奇峰巨壁雄峙南天，幽谷清泉逶迤绵长,"110.427807,18.808458",http://img1.qunarzz.com/sight/p0/1502/94/94dc855ed5984e22.water.jpg_280x200_72627e6a.jpg,176,2020-05-12 01:00:11,海南
广东·东莞·东莞市,南社明清古建筑群,1937996205,文化古迹,,热度 0.0,广东省东莞市茶山镇,流传下来的古建筑群尽显明清遗韵,"113.909952,23.073563",http://img1.qunarzz.com/sight/p0/1505/a9/a90bda513f0123a8.water.jpg_280x200_e26c17c8.jpg,176,2020-05-12 01:00:11,广东
河南·郑州·巩义市,康百万庄园,164823683,文化古迹,4A景区,热度 0.72,河南省巩义市康店镇庄园路59号,黄土高原封建堡垒式建筑的代表,"112.957185,34.76884",http://img1.qunarzz.com/sight/p0/1505/ce/ceacda87f56ae8e3.water.jpg_280x200_65321e25.jpg,176,2020-05-12 01:00:11,河南
江苏·南通·如皋市,水绘园,2765676641,文化古迹,4A景区,热度 0.72,江苏省南通如皋市碧霞路299号,国内著名的古园林，南北东西皆水绘其中,"120.574196,32.401482",http://img1.qunarzz.com/sight/p0/201403/07/fd9faca3bc5df4e2efccf51a5cfdda95.jpg_280x200_77509e52.jpg,174,2020-05-12 01:00:11,江苏
浙江·杭州·余杭区,良渚古城遗址公园,3680212622,文化古迹,4A景区,热度 0.0,浙江省杭州市余杭区凤都路与104国道交叉口西北200米良渚古城遗址公园,"良渚古城遗址公园,位于杭州市西北郊良渚、瓶窑两镇，是良渚文化中心遗址，现已发现遗址点135处，保护范围约42平方公里，在","120.034576,30.383326",http://img1.qunarzz.com/sight/p0/2001/89/890ef402e1a3781ba3.img.jpg_280x200_92f09c29.jpg,172,2020-05-12 01:00:11,浙江
安徽·马鞍山·雨山区,采石矶,2312433633,文化古迹,4A景区,热度 1.0,安徽省马鞍山市雨山区采石镇唐贤街1号,千古画卷，诗仙长眠之地,"118.466567,31.656788",http://img1.qunarzz.com/sight/p0/1501/8f/8f54cf7a156c6648.water.jpg_280x200_865500af.jpg,172,2020-05-12 01:00:11,安徽
湖北·宜昌·兴山县,朝天吼漂流,3727559264,文化古迹,4A景区,热度 0.7,湖北省宜昌市兴山县高岚镇朝天吼漂流,风光原始，水质清澈，乱石穿空，惊险刺激,"110.932417,31.203526",http://img1.qunarzz.com/sight/p0/1606/99/9982d4bc28a3692090.water.jpg_280x200_d67b7dae.jpg,170,2020-05-12 01:00:11,湖北
浙江·嘉兴·南湖区,嘉兴南湖景区,142241463,文化古迹,5A景区,热度 0.72,浙江省嘉兴市南湖区海盐塘路188号(近南溪西路),江南三大名湖之一，中共一大召开地,"120.765594,30.761514",http://img1.qunarzz.com/sight/p0/1412/ca/af6328603d7809db1a4e3538ac03c446.water.jpg_280x200_e561230f.jpg,170,2020-05-12 01:00:11,浙江
安徽·亳州·毫州市,花戏楼,3438931277,文化古迹,4A景区,热度 0.7,安徽省亳州市谯城区咸宁街一号花戏楼路北段路东,建筑雕刻精湛、彩绘绚丽，驰名中外,"115.779926,33.890649",http://img1.qunarzz.com/sight/p0/1601/f2/f22e8b1285315afb90.img.jpg_280x200_efeffd8f.jpg,168,2020-05-12 01:00:11,安徽
江西·景德镇·浮梁县,浮梁古县衙,3980334648,文化古迹,4A景区,热度 0.76,江西省景德镇浮梁县浮梁古县衙景区,我国江南保存完整的清代县级衙暑,"117.257663,29.373252",http://img1.qunarzz.com/sight/p0/201405/23/7b786130f3134bdb64c630ad39cfd8f3.jpg_280x200_79e6f5d8.jpg,164,2020-05-12 01:00:11,江西
甘肃·嘉峪关·嘉峪关市,嘉峪关,1464040542,文化古迹,5A景区,热度 0.8400000000000001,甘肃省嘉峪关市明万里长城最西端,嘉峪关——万里长城西端的主宰,"98.22983,39.813112",http://img1.qunarzz.com/sight/p0/201305/27/5538933f1aea4a2ec8d65eac.jpg_280x200_2dfb2cde.jpg,164,2020-05-12 01:00:11,甘肃
浙江·杭州·西湖区,西湖,4125579163,文化古迹,5A景区,热度 1.0,浙江省杭州市西湖区龙井路1号,在这里邂逅你的白娘子吧,"120.153384,30.236492",http://img1.qunarzz.com/sight/p0/1603/87/87146cf32fa8635e90.water.png_280x200_129ff35b.png,162,2020-05-12 01:00:11,浙江
山西·运城·永济市,永济五老峰,2743884710,文化古迹,4A景区,热度 0.76,山西省运城永济市舜都大道北段33号,险是特色，需要勇气,"110.601816,34.804467",http://img1.qunarzz.com/sight/p0/1505/51/51e16c02eb237c17.water.jpg_280x200_c508403a.jpg,162,2020-05-12 01:00:11,山西
